{"train": [25.38131313131313, 33.957070707070706, 58.48737373737374, 83.77777777777777, 94.93939393939394, 98.42929292929293, 99.57323232323232, 99.92676767676768, 99.96464646464648, 99.96717171717171], "validation": [22.978293791014643, 23.008581524482587, 22.948006057546692, 23.785966683493186, 23.331650681474006, 22.796567390206967, 23.271075214538115, 23.281171125694097, 22.937910146390713, 22.897526501766784], "naive_approach": [21.04997476022211, 19.10146390711762, 19.575971731448764, 20.353356890459366, 19.61635537607269, 19.636547198384655, 20.34326097930338, 19.030792529025746, 19.828369510348313, 19.313478041393235]}